{"train_rmse": 151.74276733398438, "test_rmse": 153.43174743652344, "_timestamp": 1699415037.906315, "_runtime": 13.222782135009766, "_step": 0, "_wandb": {"runtime": 7}}