{"val_mse": 21864.125, "_timestamp": 1699419488.6235971, "_runtime": 847.8635852336884, "_step": 99, "train_rmse": 146.22525024414062, "test_rmse": 147.7251739501953, "_wandb": {"runtime": 847}}