{"val_mse": 46815.25, "_timestamp": 1699418158.901751, "_runtime": 340.5307369232178, "_step": 44, "train_rmse": 216.2676544189453, "test_rmse": 216.34686279296875, "_wandb": {"runtime": 339}}