{"train_rmse": 151.74276733398438, "test_rmse": 153.43174743652344, "_timestamp": 1699414910.221994, "_runtime": 109.60303497314453, "_step": 0, "_wandb": {"runtime": 108}}