{"train_rmse": 199.76856994628906, "test_rmse": 200.37106323242188, "_timestamp": 1699407553.4661918, "_runtime": 474.1296327114105, "_step": 1, "model_weights": [{"_type": "histogram", "values": [2, 1, 2, 2, 5, 3, 1, 4, 6, 4, 12, 18, 10, 22, 25, 41, 218, 61, 24, 22, 21, 20, 17, 11, 6, 3, 4, 2, 3, 2, 2, 2], "bins": [-4.479650020599365, -4.209832191467285, -3.940014362335205, -3.670196533203125, -3.400378704071045, -3.1305606365203857, -2.8607428073883057, -2.5909249782562256, -2.3211071491241455, -2.0512893199920654, -1.7814714908599854, -1.5116535425186157, -1.2418357133865356, -0.9720178842544556, -0.7021999955177307, -0.43238213658332825, -0.16256427764892578, 0.10725358128547668, 0.37707144021987915, 0.646889328956604, 0.9167071580886841, 1.1865249872207642, 1.4563429355621338, 1.7261607646942139, 1.995978593826294, 2.265796422958374, 2.535614252090454, 2.805432081222534, 3.0752501487731934, 3.3450679779052734, 3.6148858070373535, 3.8847036361694336, 4.154521465301514]}, {"_type": "histogram", "values": [1, 1, 0, 2, 3, 1, 1, 1, 0, 1, 0, 1, 1, 5, 2, 4, 4, 6, 5, 2, 2, 6, 2, 5, 2, 2, 2, 1, 0, 0, 0, 1], "bins": [-2.532785415649414, -2.361133098602295, -2.189480781555176, -2.0178287029266357, -1.8461763858795166, -1.6745240688323975, -1.5028717517852783, -1.3312195539474487, -1.1595672369003296, -0.9879149794578552, -0.8162627220153809, -0.6446104049682617, -0.47295814752578735, -0.301305890083313, -0.12965360283851624, 0.041998669505119324, 0.21365094184875488, 0.38530319929122925, 0.5569554567337036, 0.7286077737808228, 0.9002600312232971, 1.0719122886657715, 1.2435646057128906, 1.4152168035507202, 1.5868691205978394, 1.7585214376449585, 1.930173635482788, 2.1018259525299072, 2.2734782695770264, 2.4451305866241455, 2.6167826652526855, 2.7884349822998047, 2.960087299346924]}, {"_type": "histogram", "values": [1, 0, 0, 0, 0, 0, 0, 0, 0, 0, 0, 0, 0, 0, 0, 1, 1, 2, 3, 3, 6, 8, 3, 24, 35, 80, 533, 1057, 229, 33, 23, 6], "bins": [-24.850366592407227, -23.931734085083008, -23.013099670410156, -22.094467163085938, -21.17583465576172, -20.2572021484375, -19.33856773376465, -18.41993522644043, -17.50130271911621, -16.58266830444336, -15.66403579711914, -14.745403289794922, -13.826769828796387, -12.908136367797852, -11.989503860473633, -11.070870399475098, -10.152237892150879, -9.233604431152344, -8.314971923828125, -7.39633846282959, -6.477705478668213, -5.559072494506836, -4.640439510345459, -3.721806287765503, -2.803173065185547, -1.88454008102417, -0.965907096862793, -0.04727400839328766, 0.8713590502738953, 1.789992094039917, 2.708625078201294, 3.62725830078125, 4.545891284942627]}, [0.10826388746500015, -0.40824955701828003, -0.2324771285057068, -0.04907922074198723, -0.459382563829422, -0.48798036575317383, -0.055989887565374374, -0.03110789880156517, -0.43400970101356506, -0.032019034028053284, -0.04248862341046333, -0.4396812617778778, -0.4536048173904419, -0.44382244348526, -0.012289129197597504, -0.3721471130847931, -1.8080326318740845, -0.45666638016700745, -0.503441333770752, 0.9492836594581604, -0.4488128423690796, -0.4202985167503357, -0.32701489329338074, -0.07073760032653809, 1.029547929763794, 1.5320689678192139, -0.3738272488117218, 0.7141422629356384, -0.4753488302230835, -0.29629001021385193, -0.4061702489852905, -0.4434551000595093], [[1.2848855257034302], [1.4594156742095947], [1.2320992946624756], [-0.33749666810035706], [1.6004903316497803], [1.801653504371643], [-0.2200230062007904], [-0.369413822889328], [1.5371099710464478], [-0.043251823633909225], [-0.021064933389425278], [1.673602819442749], [1.6292698383331299], [1.7952200174331665], [-0.020266680046916008], [1.5831190347671509], [-10.006888389587402], [2.0564632415771484], [1.5591211318969727], [-4.261803150177002], [1.7225732803344727], [1.560168743133545], [1.3459506034851074], [-0.10349258780479431], [-5.707967281341553], [-4.202611923217773], [1.7328563928604126], [-6.034902572631836], [1.4363768100738525], [-1.5967103242874146], [2.019320249557495], [1.4444993734359741]], -0.4250205159187317], "_wandb": {"runtime": 377}}