{"val_mse": 23733.875, "_timestamp": 1699416867.9776618, "_runtime": 487.6635639667511, "_step": 53, "train_rmse": 152.09751892089844, "test_rmse": 154.16371154785156, "_wandb": {"runtime": 487}}