{"train_rmse": 151.29638671875, "test_rmse": 152.1570587158203, "_timestamp": 1699415752.8093598, "_runtime": 436.46251583099365, "_step": 0, "_wandb": {"runtime": 436}}